﻿<?xml version="1.0" encoding="utf-8" ?>
<Defs>

  <ThingDef Name="ResourceBase" Abstract="True">
    <thingClass>ThingWithComps</thingClass>
    <label>unspecified resource</label>
    <category>Item</category>
    <resourceReadoutPriority>Middle</resourceReadoutPriority>
    <useHitPoints>true</useHitPoints>
    <selectable>true</selectable>
    <altitudeLayer>Item</altitudeLayer>
    <stackLimit>75</stackLimit>
    <comps>
      <li Class="CompProperties_Forbiddable"/>
    </comps>
    <alwaysHaulable>true</alwaysHaulable>
    <drawGUIOverlay>true</drawGUIOverlay>
    <rotatable>false</rotatable>
    <pathCost>15</pathCost>
  </ThingDef>

  <ThingDef ParentName="ResourceBase">
    <defName>ColdCrystal</defName>
    <label>cold crystal</label>
    <description>As hard as it is cold, this strange crystal can be used to light an area. It seems to absorb any heat though.</description>
    <graphicData>
      <texPath>Things/Item/Resource/ColdCrystal</texPath>
      <graphicClass>Graphic_Single</graphicClass>
    </graphicData>
    <soundInteract>ChunkRock_Drop</soundInteract>
    <soundDrop>ChunkRock_Drop</soundDrop>
    <statBases>
      <MarketValue>25</MarketValue>
    </statBases>
    <thingCategories>
      <li>ResourcesRaw</li>
    </thingCategories>
    <stackLimit>4</stackLimit>
    <comps>
      <li Class="CompProperties_Glower">
        <glowRadius>2</glowRadius>
        <glowColor>(252,187,113,0)</glowColor>
      </li>
      <li Class="CompProperties_HeatPusher">
        <heatPerSecond>-1</heatPerSecond>
        <heatPushMinTemperature>-15</heatPushMinTemperature>
      </li>
    </comps>
  </ThingDef>

</Defs>