﻿<?xml version="1.0" encoding="utf-8" ?>
<Buildings>

  <ThingDef>
    <defName>AnimalCorpsesGenerator</defName>
    <label>animal corpses generator</label>
    <thingClass>CaveBiome.Building_AnimalCorpsesGenerator</thingClass>
    <category>Building</category>
    <graphicData>
      <texPath>Things/Building/Misc/Campfire</texPath>
      <graphicClass>Graphic_Single</graphicClass>
      <drawSize>(1,1)</drawSize>
    </graphicData>
    <tickerType>Normal</tickerType>
    <altitudeLayer>Building</altitudeLayer>
    <passability>Standable</passability>
    <description>This building is only used to generate dead corpses of animal which fall into a cave well. It will remove itself once this is performed.
This is a necessary trick as the fogGrid and homeArea prevent damaging pawns and forbidding their bodies during map generation.</description>
    <size>(1,1)</size>
    <terrainAffordanceNeeded>Heavy</terrainAffordanceNeeded>
    <building>
      <isEdifice>false</isEdifice>
    </building>
  </ThingDef>

  <ThingDef>
    <defName>VillagerCorpsesGenerator</defName>
    <label>villagers corpses generator</label>
    <thingClass>CaveBiome.Building_VillagerCorpsesGenerator</thingClass>
    <category>Building</category>
    <graphicData>
      <texPath>Things/Building/Misc/Campfire</texPath>
      <graphicClass>Graphic_Single</graphicClass>
      <drawSize>(1,1)</drawSize>
    </graphicData>
    <tickerType>Normal</tickerType>
    <altitudeLayer>Building</altitudeLayer>
    <passability>Standable</passability>
    <description>This building is only used to generate dead corpses of sacrificed villagers. It will remove itself once this is performed.
This is a necessary trick as the fogGrid and homeArea prevent damaging pawns and forbidding their bodies during map generation.</description>
    <size>(1,1)</size>
    <terrainAffordanceNeeded>Heavy</terrainAffordanceNeeded>
    <building>
      <isEdifice>false</isEdifice>
    </building>
  </ThingDef>

</Buildings>